標題,價格,超連結
PowerFalcon 18W AC轉Type C 筆電手機電源快速充電器+MFI認證Type-C 轉 Lightning iPhone-1.5M,990,https://24h.pchome.com.tw/prod/DCAD6E-A900A6Q56
【福利品】Nextbit Robin (3+32GB) 智慧型手機 - 午夜黑,1990,https://24h.pchome.com.tw/prod/DYAX0Y-A900BRS3U
Topcom 36W Type C PD3.0/USB QC3.0 可折疊插頭電源急快速充電器,699,https://24h.pchome.com.tw/prod/DCAD6E-A900AGXR4
a+plus PD57W筆電/平板電腦/手機萬用充電器,1490,https://24h.pchome.com.tw/prod/DCAD6E-A9009I91S
快充插頭20W PD 蘋果 快充頭 充電器 USB/Type C iPhone12 充電頭 豆腐頭,399,https://24h.pchome.com.tw/prod/DCAD6E-A900B6DJ5
Golf 10 in 1 USB C 多機能集線器,799,https://24h.pchome.com.tw/prod/DYBA2H-A900BNE7T
PowerFalcon 可折疊插頭 智能4Port USB快速充電器 25W,990,https://24h.pchome.com.tw/prod/DCAD6E-A9007H68M
ONPRO UC-GAN65W 氮化鎵GaN 65W 3孔PD快充充電器【清水白】,990,https://24h.pchome.com.tw/prod/DCADKV-A900BRYGR
AUKEY Omnia Mini 20W (PA-B1) Type-C PD快充 充電器,390,https://24h.pchome.com.tw/prod/DCAD6E-A900AYF7N
麥多多 Mcdodo 10 in 1 USB C 集線器,1111,https://24h.pchome.com.tw/prod/DYBA2H-A900BDD8D
aibo P65 氮化鎵65W三孔快速充電器(PDx2+USBx1),999,https://24h.pchome.com.tw/prod/DCADN0-A900B0BQ5
Golf 5 in 1 USB C 簡易款集線器 (灰),599,https://24h.pchome.com.tw/prod/DYBA2H-A900BVV27
ONPRO UC-PD18W QC3.0+PD18W 雙孔快充USB充電器【無印白】,399,https://24h.pchome.com.tw/prod/DCACSI-A900AXL7D
麥多多 Mcdodo GaN 65W 氮化鎵充電器 (黑),999,https://24h.pchome.com.tw/prod/DCADN0-A900AZD8O
Golf 5 in 1 USB C 集線器 (黑),699,https://24h.pchome.com.tw/prod/DYBA2H-A900C3JSB
麥多多 Mcdodo 6 in 1 USB C 集線器,777,https://24h.pchome.com.tw/prod/DCADJ5-A900BD1KJ
RAVPower 90W 氮化鎵GaN USB-C快速充電器-白,1880,https://24h.pchome.com.tw/prod/DCAD6E-A900AV8XR
桌上型USB/Type-C快速充電器 PD/QC3.0智能6Port電源供應器 51W,899,https://24h.pchome.com.tw/prod/DCAD6E-A900BXH62
Golf 4 in 1 輕量款 USB-C 集線器,799,https://24h.pchome.com.tw/prod/DYBA2H-A900BSTBR
Power Rider 20W PD USB折疊充電器套組 白色,499,https://24h.pchome.com.tw/prod/DYBA18-A900B6GF6
Golf 6 in 1 USB C 輕薄款集線器,1399,https://24h.pchome.com.tw/prod/DYBA2H-A900BO2NI
Golf 5 in 1 USB C 簡易款集線器 (銀),599,https://24h.pchome.com.tw/prod/DYBA2H-A900BVV1Y
Golf 6 in 1 USB C 集線器,1999,https://24h.pchome.com.tw/prod/DYBA2H-A900BNTPJ
麥多多 Mcdodo 10 in 1 USB C 集線器,1373,https://24h.pchome.com.tw/prod/DYBA2H-A900BD6TO
Golf 8 in 1 USB C 輕薄款集線器,2292,https://24h.pchome.com.tw/prod/DYBA2H-A900BOH5S
Golf 4 in 1 USB C 基本款集線器,1290,https://24h.pchome.com.tw/prod/DYBA2H-A900BSK8Y
Golf 6 in 1 USB C 集線器,1999,https://24h.pchome.com.tw/prod/DYBA2H-A900BNTIU
麥多多 Mcdodo 6 in 1 USB C 集線器,949,https://24h.pchome.com.tw/prod/DYBA2H-A900BD3C5
Golf 5 in 1 USB C 圓型集線器,1247,https://24h.pchome.com.tw/prod/DYBA2H-A900BO2XW
D8 20W PD快充插頭 Type-C充電器,450,https://24h.pchome.com.tw/prod/DCAD6E-A900BJYSX
【SHOWHAN】BSMI 認證 18W USB-C PD 快速充電器 快充頭,349,https://24h.pchome.com.tw/prod/DCAD6E-A900B2DQD
D8 20W PD快充插頭 Type-C充電器,450,https://24h.pchome.com.tw/prod/DCAD6E-A900BJYTP
Power Rider 20W PD USB折疊充電器套組 白色,990,https://24h.pchome.com.tw/prod/DCAD6E-A900B6G55
Golf 5 in 1 Lightning 專用集線器,1490,https://24h.pchome.com.tw/prod/DYBA2H-A900BV2XB
Golf 10 in 1 USB C 多機能集線器 (黑),2399,https://24h.pchome.com.tw/prod/DYBA2H-A900C27HN
Golf 5 in 1 USB C LED集線器,799,https://24h.pchome.com.tw/prod/DYBA2H-A900C5R6G
Golf 14 in 1 USB C 多機能集線器,2999,https://24h.pchome.com.tw/prod/DYBA2H-A900C3EMI
Golf 8 in 1 USB C 鏡面款集線器,1499,https://24h.pchome.com.tw/prod/DYBA2H-A900C4GVS
Golf 12 in 1 可拆式多機能集線器,2188,https://24h.pchome.com.tw/prod/DYBA2H-A900BSNHN
Golf 10 in 1 USB C 多機能集線器,799,https://24h.pchome.com.tw/prod/DYBA2H-A900BNE53
防摔 ! 空壓殼 iPhone 13 Pro Max / i13 Pro Max 氣囊 防撞 手機殼 軟殼 保護套,490,https://24h.pchome.com.tw/prod/DYAZ12-A900BMKAT
【全滿版鋼化膜】iPhone 13 Pro Max 保護貼 i13 Pro Max 玻璃貼 手機保護貼 保護膜,459,https://24h.pchome.com.tw/prod/DYAZ12-A900BMKGE
【極致薄手機殼】iPhone 13 / i13 保護殼 手機套 軟殼 保護套,350,https://24h.pchome.com.tw/prod/DYARLA-A900BMKCA
防摔 ! 空壓殼 iPhone 13 / i13 氣囊 防撞 手機殼 軟殼 保護套,490,https://24h.pchome.com.tw/prod/DYARLA-A900BMKBK
【極致薄手機殼】iPhone 13 Pro / i13 Pro 保護殼 手機套 軟殼 保護套,350,https://24h.pchome.com.tw/prod/DYARLA-A900BMKC8
《指環支架空壓殼》iPhone 13 Pro max 手機殼 i13 Pro max 保護殼 磁吸式 軟殼(透明),499,https://24h.pchome.com.tw/prod/DYARL8-A900BV4RM
防摔 ! 空壓殼 iPhone 13 Pro / i13 Pro 氣囊 防撞 手機殼 軟殼 保護套,490,https://24h.pchome.com.tw/prod/DYARLA-A900BMKBS
防摔 ! 空壓殼 iPhone 13 mini / i13 mini 氣囊 防撞 手機殼 軟殼 保護套,490,https://24h.pchome.com.tw/prod/DYARL8-A900BMKBH
【全滿版鋼化膜】iPhone 13 mini 保護貼 i13 mini 玻璃貼 手機保護貼 保護膜,459,https://24h.pchome.com.tw/prod/DYAZ15-A900BMKG9
【TRISTAR】藍牙無線音箱/藍芽手機架音響/讀卡立體聲喇叭,899,https://24h.pchome.com.tw/prod/DMAF6I-A900BOL44
PX大通WFD-1500手機轉電視 無線影音分享器蘋果安卓雙用1080P 2.4G/5G雙模HDMI手機無線投影平版電視棒,1290,https://24h.pchome.com.tw/prod/DMAABL-A900BZFO4
PX大通WFD-5000 PRO無線影音分享器HDR 4K 60Hz 2.4G/5G雙模無線簡報家HDMI手機無線投影平版電視棒,2990,https://24h.pchome.com.tw/prod/DMAABL-A900BVNBR
PX大通UCH1H USB-C 3.1 Type-C to HDMI HUB 4K 公對母影音訊號傳輸線轉接器手機筆電同步畫面,549,https://24h.pchome.com.tw/prod/DCAC2M-A900B2PD5
PX大通UCH1V USB-C 3.1 Type-C to VGA HUB 1080P公對母影音訊號傳輸線轉接器手機筆電同步畫面,519,https://24h.pchome.com.tw/prod/DCAC2M-A900B2PCT
